{
  "summary": {
    "total": 25,
    "hit_at_k": 0.72,
    "mrr": 0.4613333333333333,
    "latency_ms": {
      "p50": 2389.6356000004744,
      "p95": 2605.918639997981,
      "p99": 2630.4187519993866
    }
  },
  "by_topic": {
    "信用卡分期": {
      "total": 8,
      "hit_at_k": 0.875,
      "mrr": 0.5041666666666667
    },
    "个人贷款": {
      "total": 6,
      "hit_at_k": 0.3333333333333333,
      "mrr": 0.3333333333333333
    },
    "企业贷款": {
      "total": 6,
      "hit_at_k": 0.8333333333333334,
      "mrr": 0.5555555555555556
    },
    "监管合规": {
      "total": 5,
      "hit_at_k": 0.8,
      "mrr": 0.4333333333333333
    }
  },
  "by_difficulty": {
    "easy": {
      "total": 10,
      "hit_at_k": 0.8,
      "mrr": 0.52
    },
    "medium": {
      "total": 10,
      "hit_at_k": 0.6,
      "mrr": 0.4166666666666667
    },
    "hard": {
      "total": 5,
      "hit_at_k": 0.8,
      "mrr": 0.4333333333333333
    }
  },
  "details": [
    {
      "id": "test_001",
      "query": "信用卡分期利息怎么算",
      "expected_doc_id": "ce53358d-eece-45d2-88d2-0c64b1d87199_0",
      "topic": "信用卡分期",
      "difficulty": "easy",
      "hit": 1,
      "rank": 5,
      "rr": 0.2,
      "latency_ms": 2416.038800001843,
      "returned_ids": [
        "ce53358d-eece-45d2-88d2-0c64b1d87199_1",
        "ce53358d-eece-45d2-88d2-0c64b1d87199_10",
        "ce53358d-eece-45d2-88d2-0c64b1d87199_2",
        "ce53358d-eece-45d2-88d2-0c64b1d87199_6",
        "ce53358d-eece-45d2-88d2-0c64b1d87199_0"
      ]
    },
    {
      "id": "test_002",
      "query": "信用卡透支利率年化多少",
      "expected_doc_id": "ce53358d-eece-45d2-88d2-0c64b1d87199_2",
      "topic": "信用卡分期",
      "difficulty": "easy",
      "hit": 1,
      "rank": 2,
      "rr": 0.5,
      "latency_ms": 2378.930599999876,
      "returned_ids": [
        "ce53358d-eece-45d2-88d2-0c64b1d87199_1",
        "ce53358d-eece-45d2-88d2-0c64b1d87199_2",
        "ce53358d-eece-45d2-88d2-0c64b1d87199_6",
        "ce53358d-eece-45d2-88d2-0c64b1d87199_4",
        "ce53358d-eece-45d2-88d2-0c64b1d87199_10"
      ]
    },
    {
      "id": "test_003",
      "query": "提前还清分期要交手续费吗",
      "expected_doc_id": "ce53358d-eece-45d2-88d2-0c64b1d87199_2",
      "topic": "信用卡分期",
      "difficulty": "medium",
      "hit": 1,
      "rank": 1,
      "rr": 1.0,
      "latency_ms": 2401.3293999996677,
      "returned_ids": [
        "ce53358d-eece-45d2-88d2-0c64b1d87199_2",
        "ce53358d-eece-45d2-88d2-0c64b1d87199_10",
        "ce53358d-eece-45d2-88d2-0c64b1d87199_4",
        "ce53358d-eece-45d2-88d2-0c64b1d87199_3",
        "ce53358d-eece-45d2-88d2-0c64b1d87199_1"
      ]
    },
    {
      "id": "test_004",
      "query": "连续逾期两个月会怎样",
      "expected_doc_id": "ce53358d-eece-45d2-88d2-0c64b1d87199_13",
      "topic": "信用卡分期",
      "difficulty": "hard",
      "hit": 1,
      "rank": 3,
      "rr": 0.3333333333333333,
      "latency_ms": 2470.262899998488,
      "returned_ids": [
        "ce53358d-eece-45d2-88d2-0c64b1d87199_12",
        "2f3ccec0-103b-46ef-9cce-d4f3f2183eee_20",
        "ce53358d-eece-45d2-88d2-0c64b1d87199_13",
        "a7fd6ed0-8e94-4b15-8dea-5aa81868429c_14",
        "ce53358d-eece-45d2-88d2-0c64b1d87199_11"
      ]
    },
    {
      "id": "test_005",
      "query": "申请已出账单分期后申请金额怎么算",
      "expected_doc_id": "ce53358d-eece-45d2-88d2-0c64b1d87199_10",
      "topic": "信用卡分期",
      "difficulty": "easy",
      "hit": 1,
      "rank": 2,
      "rr": 0.5,
      "latency_ms": 2431.5076999992016,
      "returned_ids": [
        "ce53358d-eece-45d2-88d2-0c64b1d87199_0",
        "ce53358d-eece-45d2-88d2-0c64b1d87199_10",
        "ce53358d-eece-45d2-88d2-0c64b1d87199_1",
        "ce53358d-eece-45d2-88d2-0c64b1d87199_2",
        "ce53358d-eece-45d2-88d2-0c64b1d87199_6"
      ]
    },
    {
      "id": "test_006",
      "query": "信用卡涉及洗钱属于什么风险",
      "expected_doc_id": "ce53358d-eece-45d2-88d2-0c64b1d87199_12",
      "topic": "信用卡分期",
      "difficulty": "medium",
      "hit": 1,
      "rank": 1,
      "rr": 1.0,
      "latency_ms": 2341.306900001655,
      "returned_ids": [
        "ce53358d-eece-45d2-88d2-0c64b1d87199_12",
        "ce53358d-eece-45d2-88d2-0c64b1d87199_11",
        "ce53358d-eece-45d2-88d2-0c64b1d87199_14",
        "ce53358d-eece-45d2-88d2-0c64b1d87199_6",
        "ce53358d-eece-45d2-88d2-0c64b1d87199_13"
      ]
    },
    {
      "id": "test_007",
      "query": "我可以提前还款吗",
      "expected_doc_id": "a7fd6ed0-8e94-4b15-8dea-5aa81868429c_9",
      "topic": "个人贷款",
      "difficulty": "easy",
      "hit": 0,
      "rank": null,
      "rr": 0.0,
      "latency_ms": 2349.2134000007354,
      "returned_ids": [
        "ce53358d-eece-45d2-88d2-0c64b1d87199_3",
        "a7fd6ed0-8e94-4b15-8dea-5aa81868429c_2",
        "ce53358d-eece-45d2-88d2-0c64b1d87199_2",
        "ce53358d-eece-45d2-88d2-0c64b1d87199_13",
        "ce53358d-eece-45d2-88d2-0c64b1d87199_4"
      ]
    },
    {
      "id": "test_008",
      "query": "我拖欠利息算违约吗",
      "expected_doc_id": "a7fd6ed0-8e94-4b15-8dea-5aa81868429c_14",
      "topic": "个人贷款",
      "difficulty": "easy",
      "hit": 1,
      "rank": 1,
      "rr": 1.0,
      "latency_ms": 2355.3412000001117,
      "returned_ids": [
        "a7fd6ed0-8e94-4b15-8dea-5aa81868429c_14",
        "a7fd6ed0-8e94-4b15-8dea-5aa81868429c_2",
        "a7fd6ed0-8e94-4b15-8dea-5aa81868429c_7",
        "ce53358d-eece-45d2-88d2-0c64b1d87199_11",
        "ce53358d-eece-45d2-88d2-0c64b1d87199_2"
      ]
    },
    {
      "id": "test_009",
      "query": "我住的地方变了需要通知银行吗",
      "expected_doc_id": "a7fd6ed0-8e94-4b15-8dea-5aa81868429c_19",
      "topic": "个人贷款",
      "difficulty": "medium",
      "hit": 0,
      "rank": null,
      "rr": 0.0,
      "latency_ms": 2341.6650999970443,
      "returned_ids": [
        "ce53358d-eece-45d2-88d2-0c64b1d87199_13",
        "2f3ccec0-103b-46ef-9cce-d4f3f2183eee_20",
        "ce53358d-eece-45d2-88d2-0c64b1d87199_14",
        "ce53358d-eece-45d2-88d2-0c64b1d87199_6",
        "a7fd6ed0-8e94-4b15-8dea-5aa81868429c_20"
      ]
    },
    {
      "id": "test_010",
      "query": "我跟银行有矛盾怎么解决",
      "expected_doc_id": "a7fd6ed0-8e94-4b15-8dea-5aa81868429c_22",
      "topic": "个人贷款",
      "difficulty": "medium",
      "hit": 0,
      "rank": null,
      "rr": 0.0,
      "latency_ms": 2608.553399997618,
      "returned_ids": [
        "ce53358d-eece-45d2-88d2-0c64b1d87199_13",
        "ce53358d-eece-45d2-88d2-0c64b1d87199_14",
        "ce53358d-eece-45d2-88d2-0c64b1d87199_11",
        "ce53358d-eece-45d2-88d2-0c64b1d87199_12",
        "2f3ccec0-103b-46ef-9cce-d4f3f2183eee_20"
      ]
    },
    {
      "id": "test_011",
      "query": "我违约了银行找我打官司的话钱怎么算",
      "expected_doc_id": "a7fd6ed0-8e94-4b15-8dea-5aa81868429c_20",
      "topic": "个人贷款",
      "difficulty": "hard",
      "hit": 0,
      "rank": null,
      "rr": 0.0,
      "latency_ms": 2423.6283999998705,
      "returned_ids": [
        "a7fd6ed0-8e94-4b15-8dea-5aa81868429c_14",
        "a7fd6ed0-8e94-4b15-8dea-5aa81868429c_2",
        "a7fd6ed0-8e94-4b15-8dea-5aa81868429c_16",
        "ce53358d-eece-45d2-88d2-0c64b1d87199_11",
        "ce53358d-eece-45d2-88d2-0c64b1d87199_14"
      ]
    },
    {
      "id": "test_012",
      "query": "借钱需要工商营业执照吗",
      "expected_doc_id": "f3508d9f-fe32-49f7-8b47-dd4499115630_0",
      "topic": "企业贷款",
      "difficulty": "easy",
      "hit": 1,
      "rank": 2,
      "rr": 0.5,
      "latency_ms": 2402.3116000025766,
      "returned_ids": [
        "ce53358d-eece-45d2-88d2-0c64b1d87199_6",
        "f3508d9f-fe32-49f7-8b47-dd4499115630_0",
        "2f3ccec0-103b-46ef-9cce-d4f3f2183eee_20",
        "a7fd6ed0-8e94-4b15-8dea-5aa81868429c_8",
        "f3508d9f-fe32-49f7-8b47-dd4499115630_1"
      ]
    },
    {
      "id": "test_013",
      "query": "我借这个钱去投资可以吗",
      "expected_doc_id": "f3508d9f-fe32-49f7-8b47-dd4499115630_1",
      "topic": "企业贷款",
      "difficulty": "medium",
      "hit": 1,
      "rank": 3,
      "rr": 0.3333333333333333,
      "latency_ms": 2389.6356000004744,