{
  "summary": {
    "total": 25,
    "hit_at_k": 0.76,
    "mrr": 0.6533333333333333,
    "latency_ms": {
      "p50": 2158.1514999998035,
      "p95": 2416.110279998975,
      "p99": 14255.271227997697
    }
  },
  "by_topic": {
    "信用卡分期": {
      "total": 8,
      "hit_at_k": 0.75,
      "mrr": 0.6875
    },
    "个人贷款": {
      "total": 6,
      "hit_at_k": 0.5,
      "mrr": 0.3888888888888889
    },
    "企业贷款": {
      "total": 6,
      "hit_at_k": 0.8333333333333334,
      "mrr": 0.75
    },
    "监管合规": {
      "total": 5,
      "hit_at_k": 1.0,
      "mrr": 0.8
    }
  },
  "by_difficulty": {
    "easy": {
      "total": 10,
      "hit_at_k": 0.9,
      "mrr": 0.85
    },
    "medium": {
      "total": 10,
      "hit_at_k": 0.7,
      "mrr": 0.5333333333333333
    },
    "hard": {
      "total": 5,
      "hit_at_k": 0.6,
      "mrr": 0.5
    }
  },
  "details": [
    {
      "id": "test_001",
      "query": "信用卡分期利息怎么算",
      "expected_doc_id": "ce53358d-eece-45d2-88d2-0c64b1d87199_0",
      "topic": "信用卡分期",
      "difficulty": "easy",
      "hit": 0,
      "rank": null,
      "rr": 0.0,
      "latency_ms": 17992.785299997195,
      "returned_ids": [
        "ce53358d-eece-45d2-88d2-0c64b1d87199_1",
        "ce53358d-eece-45d2-88d2-0c64b1d87199_2",
        "ce53358d-eece-45d2-88d2-0c64b1d87199_13",
        "ce53358d-eece-45d2-88d2-0c64b1d87199_4",
        "ce53358d-eece-45d2-88d2-0c64b1d87199_10"
      ]
    },
    {
      "id": "test_002",
      "query": "信用卡透支利率年化多少",
      "expected_doc_id": "ce53358d-eece-45d2-88d2-0c64b1d87199_2",
      "topic": "信用卡分期",
      "difficulty": "easy",
      "hit": 1,
      "rank": 1,
      "rr": 1.0,
      "latency_ms": 2010.0950999985798,
      "returned_ids": [
        "ce53358d-eece-45d2-88d2-0c64b1d87199_2",
        "ce53358d-eece-45d2-88d2-0c64b1d87199_1",
        "a7fd6ed0-8e94-4b15-8dea-5aa81868429c_6",
        "a7fd6ed0-8e94-4b15-8dea-5aa81868429c_7",
        "ce53358d-eece-45d2-88d2-0c64b1d87199_13"
      ]
    },
    {
      "id": "test_003",
      "query": "提前还清分期要交手续费吗",
      "expected_doc_id": "ce53358d-eece-45d2-88d2-0c64b1d87199_2",
      "topic": "信用卡分期",
      "difficulty": "medium",
      "hit": 1,
      "rank": 2,
      "rr": 0.5,
      "latency_ms": 2002.4552999966545,
      "returned_ids": [
        "ce53358d-eece-45d2-88d2-0c64b1d87199_13",
        "ce53358d-eece-45d2-88d2-0c64b1d87199_2",
        "ce53358d-eece-45d2-88d2-0c64b1d87199_4",
        "ce53358d-eece-45d2-88d2-0c64b1d87199_3",
        "ce53358d-eece-45d2-88d2-0c64b1d87199_10"
      ]
    },
    {
      "id": "test_004",
      "query": "连续逾期两个月会怎样",
      "expected_doc_id": "ce53358d-eece-45d2-88d2-0c64b1d87199_13",
      "topic": "信用卡分期",
      "difficulty": "hard",
      "hit": 0,
      "rank": null,
      "rr": 0.0,
      "latency_ms": 1995.2335999987554,
      "returned_ids": [
        "a7fd6ed0-8e94-4b15-8dea-5aa81868429c_17",
        "2f3ccec0-103b-46ef-9cce-d4f3f2183eee_30",
        "ce53358d-eece-45d2-88d2-0c64b1d87199_14",
        "ce53358d-eece-45d2-88d2-0c64b1d87199_11",
        "a7fd6ed0-8e94-4b15-8dea-5aa81868429c_16"
      ]
    },
    {
      "id": "test_005",
      "query": "申请已出账单分期后申请金额怎么算",
      "expected_doc_id": "ce53358d-eece-45d2-88d2-0c64b1d87199_10",
      "topic": "信用卡分期",
      "difficulty": "easy",
      "hit": 1,
      "rank": 1,
      "rr": 1.0,
      "latency_ms": 2419.8099999994156,
      "returned_ids": [
        "ce53358d-eece-45d2-88d2-0c64b1d87199_10",
        "ce53358d-eece-45d2-88d2-0c64b1d87199_0",
        "ce53358d-eece-45d2-88d2-0c64b1d87199_8",
        "ce53358d-eece-45d2-88d2-0c64b1d87199_6",
        "ce53358d-eece-45d2-88d2-0c64b1d87199_2"
      ]
    },
    {
      "id": "test_006",
      "query": "信用卡涉及洗钱属于什么风险",
      "expected_doc_id": "ce53358d-eece-45d2-88d2-0c64b1d87199_12",
      "topic": "信用卡分期",
      "difficulty": "medium",
      "hit": 1,
      "rank": 1,
      "rr": 1.0,
      "latency_ms": 2158.1514999998035,
      "returned_ids": [
        "ce53358d-eece-45d2-88d2-0c64b1d87199_12",
        "ce53358d-eece-45d2-88d2-0c64b1d87199_11",
        "ce53358d-eece-45d2-88d2-0c64b1d87199_13",
        "ce53358d-eece-45d2-88d2-0c64b1d87199_14",
        "ce53358d-eece-45d2-88d2-0c64b1d87199_6"
      ]
    },
    {
      "id": "test_007",
      "query": "我可以提前还款吗",
      "expected_doc_id": "a7fd6ed0-8e94-4b15-8dea-5aa81868429c_9",
      "topic": "个人贷款",
      "difficulty": "easy",
      "hit": 1,
      "rank": 1,
      "rr": 1.0,
      "latency_ms": 2187.2881000017514,
      "returned_ids": [
        "a7fd6ed0-8e94-4b15-8dea-5aa81868429c_9",
        "a7fd6ed0-8e94-4b15-8dea-5aa81868429c_2",
        "ce53358d-eece-45d2-88d2-0c64b1d87199_16",
        "ce53358d-eece-45d2-88d2-0c64b1d87199_3",
        "ce53358d-eece-45d2-88d2-0c64b1d87199_2"
      ]
    },
    {
      "id": "test_008",
      "query": "我拖欠利息算违约吗",
      "expected_doc_id": "a7fd6ed0-8e94-4b15-8dea-5aa81868429c_14",
      "topic": "个人贷款",
      "difficulty": "easy",
      "hit": 1,
      "rank": 1,
      "rr": 1.0,
      "latency_ms": 2061.756000002788,
      "returned_ids": [
        "a7fd6ed0-8e94-4b15-8dea-5aa81868429c_14",
        "a7fd6ed0-8e94-4b15-8dea-5aa81868429c_17",
        "a7fd6ed0-8e94-4b15-8dea-5aa81868429c_6",
        "ce53358d-eece-45d2-88d2-0c64b1d87199_3",
        "ce53358d-eece-45d2-88d2-0c64b1d87199_2"
      ]
    },
    {
      "id": "test_009",
      "query": "我住的地方变了需要通知银行吗",
      "expected_doc_id": "a7fd6ed0-8e94-4b15-8dea-5aa81868429c_19",
      "topic": "个人贷款",
      "difficulty": "medium",
      "hit": 0,
      "rank": null,
      "rr": 0.0,
      "latency_ms": 2249.257099996612,
      "returned_ids": [
        "a7fd6ed0-8e94-4b15-8dea-5aa81868429c_4",
        "a7fd6ed0-8e94-4b15-8dea-5aa81868429c_20",
        "2f3ccec0-103b-46ef-9cce-d4f3f2183eee_30",
        "ce53358d-eece-45d2-88d2-0c64b1d87199_15",
        "a7fd6ed0-8e94-4b15-8dea-5aa81868429c_14"
      ]
    },
    {
      "id": "test_010",
      "query": "我跟银行有矛盾怎么解决",
      "expected_doc_id": "a7fd6ed0-8e94-4b15-8dea-5aa81868429c_22",
      "topic": "个人贷款",
      "difficulty": "medium",
      "hit": 0,
      "rank": null,
      "rr": 0.0,
      "latency_ms": 2021.7133999976795,
      "returned_ids": [
        "a7fd6ed0-8e94-4b15-8dea-5aa81868429c_14",
        "ce53358d-eece-45d2-88d2-0c64b1d87199_13",
        "ce53358d-eece-45d2-88d2-0c64b1d87199_11",
        "a7fd6ed0-8e94-4b15-8dea-5aa81868429c_12",
        "ce53358d-eece-45d2-88d2-0c64b1d87199_4"
      ]
    },
    {
      "id": "test_011",
      "query": "我违约了银行找我打官司的话钱怎么算",
      "expected_doc_id": "a7fd6ed0-8e94-4b15-8dea-5aa81868429c_20",
      "topic": "个人贷款",
      "difficulty": "hard",
      "hit": 0,
      "rank": null,
      "rr": 0.0,
      "latency_ms": 2232.1549999978743,
      "returned_ids": [
        "a7fd6ed0-8e94-4b15-8dea-5aa81868429c_10",
        "ce53358d-eece-45d2-88d2-0c64b1d87199_13",
        "a7fd6ed0-8e94-4b15-8dea-5aa81868429c_17",
        "ce53358d-eece-45d2-88d2-0c64b1d87199_16",
        "ce53358d-eece-45d2-88d2-0c64b1d87199_4"
      ]
    },
    {
      "id": "test_012",
      "query": "借钱需要工商营业执照吗",
      "expected_doc_id": "f3508d9f-fe32-49f7-8b47-dd4499115630_0",
      "topic": "企业贷款",
      "difficulty": "easy",
      "hit": 1,
      "rank": 2,
      "rr": 0.5,
      "latency_ms": 2380.3952999951434,
      "returned_ids": [
        "f3508d9f-fe32-49f7-8b47-dd4499115630_1",
        "f3508d9f-fe32-49f7-8b47-dd4499115630_0",
        "a7fd6ed0-8e94-4b15-8dea-5aa81868429c_20",
        "2f3ccec0-103b-46ef-9cce-d4f3f2183eee_1",
        "2f3ccec0-103b-46ef-9cce-d4f3f2183eee_6"
      ]
    },
    {
      "id": "test_013",
      "query": "我借这个钱去投资可以吗",
      "expected_doc_id": "f3508d9f-fe32-49f7-8b47-dd4499115630_1",
      "topic": "企业贷款",
      "difficulty": "medium",
      "hit": 1,
      "rank": 1,
      "rr": 1.0,
      "latency_ms": 2248.467299999902,